,funding
2026-04-07 08:00:00+00:00,-0.0007818459101835
2026-04-07 12:00:00+00:00,-0.0001674690946829
2026-04-07 16:00:00+00:00,-0.000617336424426
2026-04-07 20:00:00+00:00,-0.000213066406426
2026-04-08 00:00:00+00:00,-0.0002451156716781
2026-04-08 04:00:00+00:00,-0.0001036208823369
2026-04-08 08:00:00+00:00,-6.11965933619e-05
2026-04-08 12:00:00+00:00,5e-05
2026-04-08 16:00:00+00:00,5e-05
2026-04-08 20:00:00+00:00,-2.9719357755e-05
2026-04-09 00:00:00+00:00,-0.000246240741618
2026-04-09 04:00:00+00:00,-0.0002152378632999
2026-04-09 08:00:00+00:00,5e-05
2026-04-09 12:00:00+00:00,-0.0004885474753503
2026-04-09 16:00:00+00:00,-0.0004181946955852
2026-04-09 20:00:00+00:00,5e-05
2026-04-10 00:00:00+00:00,5e-05
2026-04-10 04:00:00+00:00,0.0004018540633364
2026-04-10 08:00:00+00:00,5e-05
2026-04-10 12:00:00+00:00,5e-05
2026-04-10 16:00:00+00:00,0.0007907634891425
2026-04-10 20:00:00+00:00,5e-05
2026-04-11 00:00:00+00:00,5.77823871763e-05
2026-04-11 04:00:00+00:00,5e-05
2026-04-11 08:00:00+00:00,5e-05
2026-04-11 12:00:00+00:00,0.0004040597287506
2026-04-11 16:00:00+00:00,5e-05
2026-04-11 20:00:00+00:00,5e-05
2026-04-12 00:00:00+00:00,5e-05
2026-04-12 04:00:00+00:00,5e-05
2026-04-12 08:00:00+00:00,0.0005810433551885
2026-04-12 12:00:00+00:00,0.0002455081427958
2026-04-12 16:00:00+00:00,0.0006562120667514
2026-04-12 20:00:00+00:00,0.0037612997877377
2026-04-13 00:00:00+00:00,8.4376336409e-05
2026-04-13 04:00:00+00:00,0.0005920438682095
2026-04-13 08:00:00+00:00,0.0002099750107961
2026-04-13 12:00:00+00:00,5e-05
2026-04-13 16:00:00+00:00,0.0004357000047097
2026-04-13 20:00:00+00:00,5e-05
2026-04-14 00:00:00+00:00,0.0005645918679654
2026-04-14 04:00:00+00:00,0.0013529897020637
2026-04-14 08:00:00+00:00,0.0005627267051041
2026-04-14 12:00:00+00:00,0.0003193101341822
2026-04-14 16:00:00+00:00,0.0003108950507634
2026-04-14 20:00:00+00:00,0.0004362174432678
2026-04-15 00:00:00+00:00,0.0006217337846106
2026-04-15 04:00:00+00:00,0.0002551917288925
2026-04-15 08:00:00+00:00,0.0007130342584757
2026-04-15 12:00:00+00:00,0.0007775558913764
2026-04-15 16:00:00+00:00,0.0003214000860795
2026-04-15 20:00:00+00:00,5e-05
2026-04-16 00:00:00+00:00,0.0004426028990059
2026-04-16 04:00:00+00:00,0.0003532179961817
2026-04-16 08:00:00+00:00,0.000580808862047
2026-04-16 12:00:00+00:00,0.0006133631759909
2026-04-16 16:00:00+00:00,0.0002858531932122
2026-04-16 20:00:00+00:00,0.0005100982979714
2026-04-17 00:00:00+00:00,0.000250005334736
2026-04-17 04:00:00+00:00,0.0006283748611469
2026-04-17 08:00:00+00:00,0.0002871670504357
2026-04-17 12:00:00+00:00,0.0007203216793343
2026-04-17 16:00:00+00:00,0.0004250813981757
2026-04-17 20:00:00+00:00,0.0001106989452052
2026-04-18 00:00:00+00:00,0.0008500961636083
2026-04-18 04:00:00+00:00,9.23159941716e-05
2026-04-18 08:00:00+00:00,0.0006050447502936
2026-04-18 12:00:00+00:00,0.0005583392249891
2026-04-18 16:00:00+00:00,0.000310494978777
2026-04-18 20:00:00+00:00,0.0002375240802161
2026-04-19 00:00:00+00:00,0.000641882257968
2026-04-19 04:00:00+00:00,0.00033643831569
2026-04-19 08:00:00+00:00,0.0006636981787711
2026-04-19 12:00:00+00:00,0.0002920336683763
2026-04-19 16:00:00+00:00,0.0012669615520809
2026-04-19 20:00:00+00:00,0.0006133371356129
2026-04-20 00:00:00+00:00,0.0011953212475803
2026-04-20 04:00:00+00:00,0.0006072998051427
2026-04-20 08:00:00+00:00,0.0003429254078427
2026-04-20 12:00:00+00:00,0.0004508102365731
2026-04-20 16:00:00+00:00,5e-05
2026-04-20 20:00:00+00:00,5e-05
2026-04-21 00:00:00+00:00,5e-05
2026-04-21 04:00:00+00:00,0.0003020076449453
2026-04-21 08:00:00+00:00,0.0004308944487931
2026-04-21 12:00:00+00:00,5e-05
2026-04-21 16:00:00+00:00,7.4580860069e-05
2026-04-21 20:00:00+00:00,5e-05
2026-04-22 00:00:00+00:00,0.0003243764652064
2026-04-22 04:00:00+00:00,0.0006197271540769
2026-04-22 08:00:00+00:00,0.000164408030637
2026-04-22 12:00:00+00:00,0.0002414839111865
2026-04-22 16:00:00+00:00,0.0002830997892509
2026-04-22 20:00:00+00:00,0.0005796330982564
2026-04-23 00:00:00+00:00,0.0001493155083199
2026-04-23 04:00:00+00:00,0.0005307074438526
2026-04-23 08:00:00+00:00,0.0003504331221841
2026-04-23 12:00:00+00:00,0.0003005686875197
2026-04-23 16:00:00+00:00,0.0004130698118716
2026-04-23 20:00:00+00:00,0.00065106427257
2026-04-24 00:00:00+00:00,0.0008409009947445
2026-04-24 04:00:00+00:00,0.000743910115593
2026-04-24 08:00:00+00:00,0.0002151300871167
2026-04-24 12:00:00+00:00,0.0006164886942969
2026-04-24 16:00:00+00:00,5e-05
2026-04-24 20:00:00+00:00,0.0008513409688719
2026-04-25 00:00:00+00:00,0.0009524710461849
2026-04-25 04:00:00+00:00,5e-05
2026-04-25 08:00:00+00:00,5e-05
2026-04-25 12:00:00+00:00,5e-05
2026-04-25 16:00:00+00:00,5e-05
2026-04-25 20:00:00+00:00,0.0004189835607521
2026-04-26 00:00:00+00:00,0.0002106292556204
2026-04-26 04:00:00+00:00,0.0003793044332194
2026-04-26 08:00:00+00:00,5e-05
2026-04-26 12:00:00+00:00,0.0001450042205489
2026-04-26 16:00:00+00:00,0.0004091242693665
2026-04-26 20:00:00+00:00,5e-05
2026-04-27 00:00:00+00:00,5e-05
2026-04-27 04:00:00+00:00,0.0002598645405223
2026-04-27 08:00:00+00:00,7.97456546589e-05
2026-04-27 12:00:00+00:00,5e-05
2026-04-27 16:00:00+00:00,5e-05
2026-04-27 20:00:00+00:00,5e-05
2026-04-28 00:00:00+00:00,5e-05
2026-04-28 04:00:00+00:00,5e-05
2026-04-28 08:00:00+00:00,0.0002382022813679
2026-04-28 12:00:00+00:00,0.0002881299834314
2026-04-28 16:00:00+00:00,5e-05
2026-04-28 20:00:00+00:00,5e-05
2026-04-29 00:00:00+00:00,5e-05
2026-04-29 04:00:00+00:00,5e-05
2026-04-29 08:00:00+00:00,0.0001173497564288
2026-04-29 12:00:00+00:00,0.0003258812520149
2026-04-29 16:00:00+00:00,5e-05
2026-04-29 20:00:00+00:00,5e-05
2026-04-30 00:00:00+00:00,5.55507044601e-05
2026-04-30 04:00:00+00:00,5e-05
2026-04-30 08:00:00+00:00,6.61842317415e-05
2026-04-30 12:00:00+00:00,0.0001015680306708
2026-04-30 16:00:00+00:00,0.0001976535911909
2026-04-30 20:00:00+00:00,7.67370707337e-05
2026-05-01 00:00:00+00:00,0.0001250687642458
2026-05-01 04:00:00+00:00,0.0001011548078595
2026-05-01 08:00:00+00:00,0.000122022795568
2026-05-01 12:00:00+00:00,0.0004298984284684
2026-05-01 16:00:00+00:00,5e-05
2026-05-01 20:00:00+00:00,0.0002051715313667
2026-05-02 00:00:00+00:00,0.0008711439299392
2026-05-02 04:00:00+00:00,0.0004913659984374
2026-05-02 08:00:00+00:00,0.0018361070921244
2026-05-02 12:00:00+00:00,0.0019879783242428
2026-05-02 16:00:00+00:00,0.0022393222723024
2026-05-02 20:00:00+00:00,0.0090669411479235
2026-05-03 00:00:00+00:00,0.0003114207423229
2026-05-03 04:00:00+00:00,0.0033807007079502
2026-05-03 08:00:00+00:00,0.0016113515342959
2026-05-03 12:00:00+00:00,0.0006879471975865
2026-05-03 16:00:00+00:00,0.0011978743933348
2026-05-03 20:00:00+00:00,0.0013110041600568
2026-05-04 00:00:00+00:00,0.0023613311876898
2026-05-04 04:00:00+00:00,0.0014509927683646
2026-05-04 08:00:00+00:00,0.0010160800776376
2026-05-04 12:00:00+00:00,0.0010479633267926
2026-05-04 16:00:00+00:00,0.0009122032752916
2026-05-04 20:00:00+00:00,0.0007801766852562
2026-05-05 00:00:00+00:00,0.0008206103355418
2026-05-05 04:00:00+00:00,0.000713375869185
2026-05-05 08:00:00+00:00,0.0006973673153258
2026-05-05 12:00:00+00:00,0.0006383576554387
2026-05-05 16:00:00+00:00,0.0008383477523342
2026-05-05 20:00:00+00:00,0.0017719089514571
2026-05-06 00:00:00+00:00,0.0019442469540317
2026-05-06 04:00:00+00:00,0.0015126872797927
2026-05-06 08:00:00+00:00,0.0010648741023617
2026-05-06 12:00:00+00:00,0.000562438130662
2026-05-06 16:00:00+00:00,0.0008718254798345
2026-05-06 20:00:00+00:00,0.0005978371890878
2026-05-07 00:00:00+00:00,0.0003925419226435
2026-05-07 04:00:00+00:00,0.0005071785524435
2026-05-07 08:00:00+00:00,5e-05
2026-05-07 12:00:00+00:00,5e-05
2026-05-07 16:00:00+00:00,5e-05
2026-05-07 20:00:00+00:00,5e-05
2026-05-08 00:00:00+00:00,5e-05
2026-05-08 04:00:00+00:00,5e-05
2026-05-08 08:00:00+00:00,6.97873665004e-05
2026-05-08 12:00:00+00:00,5e-05
2026-05-08 16:00:00+00:00,5e-05
2026-05-08 20:00:00+00:00,5e-05
2026-05-09 00:00:00+00:00,5e-05
2026-05-09 04:00:00+00:00,5e-05
2026-05-09 08:00:00+00:00,5e-05
2026-05-09 12:00:00+00:00,5e-05
2026-05-09 16:00:00+00:00,0.0001324020432928
2026-05-09 20:00:00+00:00,5e-05
2026-05-10 00:00:00+00:00,5e-05
2026-05-10 04:00:00+00:00,5e-05
2026-05-10 08:00:00+00:00,5e-05
2026-05-10 12:00:00+00:00,-1.0193337218e-06
2026-05-10 16:00:00+00:00,5e-05
2026-05-10 20:00:00+00:00,5e-05
2026-05-11 00:00:00+00:00,0.0002182947584244
2026-05-11 04:00:00+00:00,5e-05
2026-05-11 08:00:00+00:00,5e-05
2026-05-11 12:00:00+00:00,5e-05
2026-05-11 16:00:00+00:00,-2.79206360086e-05
2026-05-11 20:00:00+00:00,0.0035404368945946
2026-05-12 00:00:00+00:00,0.0016647790752275
2026-05-12 04:00:00+00:00,0.0011439949491357
2026-05-12 08:00:00+00:00,0.0002227676039669
2026-05-12 12:00:00+00:00,0.0005122238188721
2026-05-12 16:00:00+00:00,0.0006544813993722
2026-05-12 20:00:00+00:00,0.0005616422384779
2026-05-13 00:00:00+00:00,0.0007709332110522
2026-05-13 04:00:00+00:00,8.33476718351e-05
2026-05-13 08:00:00+00:00,5e-05
2026-05-13 12:00:00+00:00,0.0006347268798896
2026-05-13 16:00:00+00:00,0.0003819163867049
2026-05-13 20:00:00+00:00,0.0014393854218185
2026-05-14 00:00:00+00:00,0.001115425439428
2026-05-14 04:00:00+00:00,0.0015195626365568
2026-05-14 08:00:00+00:00,0.0001971710924047
2026-05-14 12:00:00+00:00,0.0006235142749835
2026-05-14 16:00:00+00:00,5e-05
2026-05-14 20:00:00+00:00,-0.0001905214572047
2026-05-15 00:00:00+00:00,5e-05
2026-05-15 04:00:00+00:00,5e-05
2026-05-15 08:00:00+00:00,0.0007166971812655
2026-05-15 12:00:00+00:00,5e-05
2026-05-15 16:00:00+00:00,0.0006690314500709
2026-05-15 20:00:00+00:00,0.0003705955921647
2026-05-16 00:00:00+00:00,5e-05
2026-05-16 04:00:00+00:00,0.0006430407278171
2026-05-16 08:00:00+00:00,0.0002109719898839
2026-05-16 12:00:00+00:00,0.0005838129143872
2026-05-16 16:00:00+00:00,0.0005439188178972
2026-05-16 20:00:00+00:00,0.000817365088735
2026-05-17 00:00:00+00:00,0.0002516156778724
2026-05-17 04:00:00+00:00,5e-05
2026-05-17 08:00:00+00:00,5e-05
2026-05-17 12:00:00+00:00,5e-05
2026-05-17 16:00:00+00:00,0.0006831667364717
2026-05-17 20:00:00+00:00,0.0004950412840609
2026-05-18 00:00:00+00:00,0.0002090628555586
2026-05-18 04:00:00+00:00,5e-05
2026-05-18 08:00:00+00:00,5e-05
2026-05-18 12:00:00+00:00,2.55660074006e-05
2026-05-18 16:00:00+00:00,5e-05
2026-05-18 20:00:00+00:00,5e-05
2026-05-19 00:00:00+00:00,5e-05
2026-05-19 04:00:00+00:00,5e-05
2026-05-19 08:00:00+00:00,5e-05
2026-05-19 12:00:00+00:00,5e-05
2026-05-19 16:00:00+00:00,-0.0001721301507537
2026-05-19 20:00:00+00:00,5e-05
2026-05-20 00:00:00+00:00,5e-05
2026-05-20 04:00:00+00:00,5e-05
2026-05-20 08:00:00+00:00,5e-05
2026-05-20 12:00:00+00:00,5e-05
2026-05-20 16:00:00+00:00,5e-05
2026-05-20 20:00:00+00:00,0.0002372865103834
2026-05-21 00:00:00+00:00,0.0004366071991249
2026-05-21 04:00:00+00:00,0.0001662654646165
2026-05-21 08:00:00+00:00,0.0001729967251658
2026-05-21 12:00:00+00:00,0.0002404487073361
2026-05-21 16:00:00+00:00,0.0002876008597405
2026-05-21 20:00:00+00:00,0.0004356624647733
2026-05-22 00:00:00+00:00,0.0004471629941528
2026-05-22 04:00:00+00:00,0.0003418728112702
2026-05-22 08:00:00+00:00,0.0004910352804056
2026-05-22 12:00:00+00:00,0.0001313719918579
2026-05-22 16:00:00+00:00,0.0002020989661558
2026-05-22 20:00:00+00:00,5.42189277826e-05
2026-05-23 00:00:00+00:00,0.0001320212332542
2026-05-23 04:00:00+00:00,0.0004226103097503
2026-05-23 08:00:00+00:00,0.0004753471974952
2026-05-23 12:00:00+00:00,0.0009662497511703
2026-05-23 16:00:00+00:00,0.0007059615866125
2026-05-23 20:00:00+00:00,5e-05
2026-05-24 00:00:00+00:00,5e-05
2026-05-24 04:00:00+00:00,5e-05
2026-05-24 08:00:00+00:00,0.0001359945255706
2026-05-24 12:00:00+00:00,5e-05
2026-05-24 16:00:00+00:00,5.91982820393e-05
2026-05-24 20:00:00+00:00,0.0001807704436166
2026-05-25 00:00:00+00:00,0.0002091631150808
2026-05-25 04:00:00+00:00,5e-05
2026-05-25 08:00:00+00:00,5e-05
2026-05-25 12:00:00+00:00,5e-05
2026-05-25 16:00:00+00:00,5e-05
2026-05-25 20:00:00+00:00,0.0001327880388414
2026-05-26 00:00:00+00:00,5e-05
2026-05-26 04:00:00+00:00,5e-05
2026-05-26 08:00:00+00:00,0.0002442443443135
2026-05-26 12:00:00+00:00,0.0004038340707991
2026-05-26 16:00:00+00:00,0.000129089981913
2026-05-26 20:00:00+00:00,0.0001175398991177
2026-05-27 00:00:00+00:00,0.0003801270428967
2026-05-27 04:00:00+00:00,0.0004914132301786
2026-05-27 08:00:00+00:00,5e-05
2026-05-27 12:00:00+00:00,5e-05
2026-05-27 16:00:00+00:00,5e-05
2026-05-27 20:00:00+00:00,-9.7303890513e-06
2026-05-28 00:00:00+00:00,5e-05
2026-05-28 04:00:00+00:00,5e-05
2026-05-28 08:00:00+00:00,5e-05
2026-05-28 12:00:00+00:00,5e-05
2026-05-28 16:00:00+00:00,5e-05
2026-05-28 20:00:00+00:00,5e-05
2026-05-29 00:00:00+00:00,-0.000137047719195
2026-05-29 04:00:00+00:00,-0.0004366506306826
2026-05-29 08:00:00+00:00,5e-05
2026-05-29 12:00:00+00:00,-0.0007140121086582
2026-05-29 16:00:00+00:00,-0.000209474193951
2026-05-29 20:00:00+00:00,-0.0010330854086884
2026-05-30 00:00:00+00:00,-0.0008567786397004
2026-05-30 04:00:00+00:00,-0.000268238983868
2026-05-30 08:00:00+00:00,-0.0015144822720207
2026-05-30 12:00:00+00:00,-0.0015995318223168
2026-05-30 16:00:00+00:00,-0.0019507262241924
2026-05-30 20:00:00+00:00,-0.0013588249228557
2026-05-31 00:00:00+00:00,-0.0015135718375119
2026-05-31 04:00:00+00:00,-0.0034807422799296
2026-05-31 08:00:00+00:00,-0.0027419783135991
2026-05-31 12:00:00+00:00,-0.0008226973108613
2026-05-31 16:00:00+00:00,-0.0091886015487678
2026-05-31 20:00:00+00:00,-0.0078828762169566
2026-06-01 00:00:00+00:00,-0.015
2026-06-01 02:00:00+00:00,-0.015
2026-06-01 03:00:00+00:00,-0.015
2026-06-01 04:00:00+00:00,-0.015
2026-06-01 05:00:00+00:00,-0.015
2026-06-01 06:00:00+00:00,-0.015
2026-06-01 07:00:00+00:00,-0.015
2026-06-01 08:00:00+00:00,-0.0098686416416607
2026-06-01 09:00:00+00:00,-0.0055544589592301
2026-06-01 10:00:00+00:00,-0.0044755719967203
2026-06-01 11:00:00+00:00,0.0002849113024954
2026-06-01 12:00:00+00:00,-6.5861965923e-06
2026-06-01 13:00:00+00:00,-0.0010646353899944
2026-06-01 14:00:00+00:00,-0.0006006147213042
2026-06-01 15:00:00+00:00,-0.0022732489606721
2026-06-01 16:00:00+00:00,-0.0023308382218619
2026-06-01 17:00:00+00:00,-0.0019525771461993
2026-06-01 18:00:00+00:00,-0.002028615803205
2026-06-01 19:00:00+00:00,1.25e-05
2026-06-01 20:00:00+00:00,-0.0001032213323158
2026-06-01 21:00:00+00:00,0.000437432107331
2026-06-01 22:00:00+00:00,1.25e-05
2026-06-01 23:00:00+00:00,-0.000837744038088
2026-06-02 00:00:00+00:00,-0.0027047657956656
2026-06-02 01:00:00+00:00,-0.0012900698808254
2026-06-02 02:00:00+00:00,-0.0031193568921807
2026-06-02 03:00:00+00:00,-0.0021861874172872
2026-06-02 04:00:00+00:00,-0.0068004505460358
2026-06-02 05:00:00+00:00,-0.0046584414975916
2026-06-02 06:00:00+00:00,-0.0046022415857345
2026-06-02 07:00:00+00:00,-0.0045437237802643
2026-06-02 08:00:00+00:00,-0.0029883114166163
2026-06-02 09:00:00+00:00,-0.0039701712955989
2026-06-02 10:00:00+00:00,-0.0056681154430059
2026-06-02 11:00:00+00:00,-0.0061490202730197
2026-06-02 12:00:00+00:00,-0.0063574255945331
2026-06-02 13:00:00+00:00,-0.01
2026-06-02 14:00:00+00:00,-0.0058315605313635
2026-06-02 15:00:00+00:00,-0.0033677370150074
2026-06-02 16:00:00+00:00,-0.007058306791943
2026-06-02 17:00:00+00:00,-0.0057409561031991
2026-06-02 18:00:00+00:00,-0.0073530252529151
2026-06-02 19:00:00+00:00,-0.01
2026-06-02 20:00:00+00:00,-0.01
2026-06-02 21:00:00+00:00,-0.01
2026-06-02 22:00:00+00:00,-0.01
2026-06-02 23:00:00+00:00,-0.01
2026-06-03 00:00:00+00:00,-0.01
2026-06-03 01:00:00+00:00,-0.01
2026-06-03 02:00:00+00:00,-0.0060001423116431
2026-06-03 03:00:00+00:00,-0.0020825401552453
2026-06-03 04:00:00+00:00,-0.0024530897850675
2026-06-03 05:00:00+00:00,-0.0019905310007573
2026-06-03 06:00:00+00:00,-0.001857104277703
2026-06-03 07:00:00+00:00,-0.00141846576708
2026-06-03 08:00:00+00:00,-0.0009784641171919
2026-06-03 09:00:00+00:00,-0.0040832062710506
2026-06-03 10:00:00+00:00,-0.0051405924134027
2026-06-03 11:00:00+00:00,-0.0054468087667698
2026-06-03 12:00:00+00:00,-0.0064468752319834
2026-06-03 13:00:00+00:00,-0.01
2026-06-03 14:00:00+00:00,-0.01
2026-06-03 15:00:00+00:00,-0.0092542731072039
2026-06-03 16:00:00+00:00,-0.0068578565711416
2026-06-03 17:00:00+00:00,-0.0071888970344056
2026-06-03 18:00:00+00:00,-0.0071086609742936
2026-06-03 19:00:00+00:00,-0.0073023749936098
2026-06-03 20:00:00+00:00,-0.01
2026-06-03 21:00:00+00:00,-0.01
2026-06-03 22:00:00+00:00,-0.0086152709339199
2026-06-03 23:00:00+00:00,-0.0089543666770138
2026-06-04 00:00:00+00:00,-0.0087229482708849
2026-06-04 01:00:00+00:00,-0.0074495511533279
2026-06-04 02:00:00+00:00,-0.0079849589030724
2026-06-04 03:00:00+00:00,-0.0086504934498879
2026-06-04 04:00:00+00:00,-0.0089641716469532
2026-06-04 05:00:00+00:00,-0.008937215540416
2026-06-04 06:00:00+00:00,-0.0090247610368894
2026-06-04 07:00:00+00:00,-0.0090180625731956
2026-06-04 08:00:00+00:00,-0.0075895530398728
2026-06-04 09:00:00+00:00,-0.0072176284232484
2026-06-04 10:00:00+00:00,-0.01
2026-06-04 11:00:00+00:00,-0.01
2026-06-04 12:00:00+00:00,-0.01
2026-06-04 13:00:00+00:00,-0.0084791383452362
2026-06-04 14:00:00+00:00,-0.009127589992186
2026-06-04 15:00:00+00:00,-0.01
2026-06-04 16:00:00+00:00,-0.01
2026-06-04 17:00:00+00:00,-0.0054328907902501
2026-06-04 18:00:00+00:00,-0.0021284841164548
2026-06-04 19:00:00+00:00,-0.0015628958154563
2026-06-04 20:00:00+00:00,-0.0017147973439453
2026-06-04 21:00:00+00:00,-0.0024061526622653
2026-06-04 22:00:00+00:00,-0.0017272945541373
2026-06-04 23:00:00+00:00,-0.0013488098256823
2026-06-05 00:00:00+00:00,-0.0010982150486811
2026-06-05 01:00:00+00:00,-0.0008255190061614
2026-06-05 02:00:00+00:00,-0.0010271169511639
2026-06-05 03:00:00+00:00,-0.0009558415419213
2026-06-05 04:00:00+00:00,-0.0007307249461909
2026-06-05 05:00:00+00:00,-0.000630574312275
2026-06-05 06:00:00+00:00,-0.0009374271309438
2026-06-05 07:00:00+00:00,-0.000736924823298
2026-06-05 08:00:00+00:00,-0.000753302125341
2026-06-05 09:00:00+00:00,-0.0008737408462398
2026-06-05 10:00:00+00:00,-0.0006079143019651
2026-06-05 11:00:00+00:00,-0.0001372022051986
2026-06-05 12:00:00+00:00,1.25e-05
2026-06-05 16:00:00+00:00,-7.53720004066e-05
2026-06-05 20:00:00+00:00,0.0005514186125971
2026-06-06 00:00:00+00:00,0.0005469860578123
2026-06-06 04:00:00+00:00,0.0002137967796068
2026-06-06 08:00:00+00:00,0.0008658679167228
2026-06-06 12:00:00+00:00,0.0004001267436213
2026-06-06 16:00:00+00:00,0.0003797101215627
2026-06-06 20:00:00+00:00,0.0001317834612624
2026-06-07 00:00:00+00:00,-0.0004656023203601
2026-06-07 04:00:00+00:00,-0.0001183918818749
2026-06-07 08:00:00+00:00,5e-05
2026-06-07 12:00:00+00:00,-1.19647564206e-05
2026-06-07 16:00:00+00:00,-8.79000393176e-05
2026-06-07 20:00:00+00:00,5e-05
2026-06-08 00:00:00+00:00,5e-05
2026-06-08 04:00:00+00:00,-4.19949093056e-05
2026-06-08 08:00:00+00:00,1.53532907174e-05
2026-06-08 12:00:00+00:00,5e-05
2026-06-08 16:00:00+00:00,5e-05
2026-06-08 20:00:00+00:00,0.0003518138531218
2026-06-09 00:00:00+00:00,5e-05
2026-06-09 04:00:00+00:00,5e-05
2026-06-09 08:00:00+00:00,7.53460576939e-05
2026-06-09 12:00:00+00:00,0.0001964275834845
2026-06-09 16:00:00+00:00,5e-05
2026-06-09 20:00:00+00:00,5e-05
2026-06-10 00:00:00+00:00,5e-05
2026-06-10 04:00:00+00:00,5e-05
2026-06-10 08:00:00+00:00,5e-05
2026-06-10 12:00:00+00:00,5e-05
2026-06-10 16:00:00+00:00,5e-05
2026-06-10 20:00:00+00:00,5e-05
2026-06-11 00:00:00+00:00,5e-05
2026-06-11 04:00:00+00:00,5e-05
2026-06-11 08:00:00+00:00,5e-05
2026-06-11 12:00:00+00:00,5e-05
2026-06-11 16:00:00+00:00,-6.72142830426e-05
2026-06-11 20:00:00+00:00,-9.65712396475e-05
2026-06-12 00:00:00+00:00,1.16163053485e-05
2026-06-12 04:00:00+00:00,5e-05
2026-06-12 08:00:00+00:00,5e-05
2026-06-12 12:00:00+00:00,5e-05
2026-06-12 16:00:00+00:00,5.08913604447e-05
2026-06-12 20:00:00+00:00,5e-05
2026-06-13 00:00:00+00:00,7.81439893891e-05
2026-06-13 04:00:00+00:00,5e-05
2026-06-13 08:00:00+00:00,0.0001275544320796
2026-06-13 12:00:00+00:00,0.0001537661392885
2026-06-13 16:00:00+00:00,8.49434401094e-05
2026-06-13 20:00:00+00:00,0.0002241361063971
2026-06-14 00:00:00+00:00,0.0002317575829812
2026-06-14 04:00:00+00:00,0.000177567483433
2026-06-14 08:00:00+00:00,5e-05
2026-06-14 12:00:00+00:00,0.0001635035374259
2026-06-14 16:00:00+00:00,0.000331132330831
2026-06-14 20:00:00+00:00,0.0001123935629242
2026-06-15 00:00:00+00:00,0.0002132613297452
2026-06-15 04:00:00+00:00,5e-05
2026-06-15 08:00:00+00:00,5e-05
2026-06-15 12:00:00+00:00,5e-05
2026-06-15 16:00:00+00:00,5e-05
2026-06-15 20:00:00+00:00,5e-05
2026-06-16 00:00:00+00:00,5e-05
2026-06-16 04:00:00+00:00,5e-05
2026-06-16 08:00:00+00:00,5e-05
2026-06-16 12:00:00+00:00,5e-05
2026-06-16 16:00:00+00:00,5.23420357139e-05
2026-06-16 20:00:00+00:00,0.0001369372540449
2026-06-17 00:00:00+00:00,0.0001281533652143
2026-06-17 04:00:00+00:00,5.21282254869e-05
2026-06-17 08:00:00+00:00,0.0002995011729895
2026-06-17 12:00:00+00:00,5e-05
2026-06-17 16:00:00+00:00,0.0001239906899487
2026-06-17 20:00:00+00:00,8.17486957676e-05
2026-06-18 00:00:00+00:00,0.0001030435448664
2026-06-18 04:00:00+00:00,0.0001189628039359
2026-06-18 08:00:00+00:00,0.0001215961872586
2026-06-18 12:00:00+00:00,0.0001536141754385
2026-06-18 16:00:00+00:00,0.000342728293804
2026-06-18 20:00:00+00:00,0.0001723298544867
2026-06-19 00:00:00+00:00,5e-05
2026-06-19 04:00:00+00:00,5e-05
2026-06-19 08:00:00+00:00,5e-05
2026-06-19 12:00:00+00:00,5e-05
2026-06-19 16:00:00+00:00,5e-05
2026-06-19 20:00:00+00:00,5e-05
2026-06-20 00:00:00+00:00,-0.0001036467168854
2026-06-20 04:00:00+00:00,-4.5964691177e-06
2026-06-20 08:00:00+00:00,5e-05
2026-06-20 12:00:00+00:00,4.70089433914e-05
2026-06-20 16:00:00+00:00,5e-05
2026-06-20 20:00:00+00:00,9.34806626692e-05
2026-06-21 00:00:00+00:00,5e-05
2026-06-21 04:00:00+00:00,5e-05
2026-06-21 08:00:00+00:00,-0.0001957903682429
2026-06-21 12:00:00+00:00,-0.0003174030348097
2026-06-21 16:00:00+00:00,-2.17986450232e-05
2026-06-21 20:00:00+00:00,-0.000217501252665
2026-06-22 00:00:00+00:00,-0.0007050770676246
2026-06-22 04:00:00+00:00,5e-05
2026-06-22 08:00:00+00:00,5e-05
2026-06-22 12:00:00+00:00,5e-05
2026-06-22 16:00:00+00:00,5e-05
2026-06-22 20:00:00+00:00,5e-05
2026-06-23 00:00:00+00:00,-0.0008515687634443
2026-06-23 04:00:00+00:00,-0.0002436709404764
2026-06-23 08:00:00+00:00,-0.0007007206487496
2026-06-23 12:00:00+00:00,-0.0008451801026335
2026-06-23 16:00:00+00:00,-0.0019096148414616
2026-06-23 20:00:00+00:00,-0.000889412299687
2026-06-24 00:00:00+00:00,-0.0006396091393294
2026-06-24 04:00:00+00:00,-0.0002875988346428
2026-06-24 08:00:00+00:00,-0.0027953508913471
2026-06-24 12:00:00+00:00,-0.0066854474891871
2026-06-24 16:00:00+00:00,-0.01
2026-06-24 18:00:00+00:00,-0.0088659271291181
2026-06-24 20:00:00+00:00,-0.0047165042195861
2026-06-24 22:00:00+00:00,-0.0045039129222876
2026-06-25 00:00:00+00:00,-0.0031771632667101
2026-06-25 02:00:00+00:00,-0.0032066559857677
2026-06-25 04:00:00+00:00,-0.0033028286876109
2026-06-25 06:00:00+00:00,-0.0033021333669188
2026-06-25 08:00:00+00:00,-0.005194781322991
2026-06-25 10:00:00+00:00,-0.0043266750893278
2026-06-25 12:00:00+00:00,-0.0032179171233358
2026-06-25 14:00:00+00:00,-0.00285482893607
2026-06-25 16:00:00+00:00,-0.0023309163292958
2026-06-25 18:00:00+00:00,-0.0028233624680267
2026-06-25 20:00:00+00:00,-0.0024330590369246
2026-06-25 22:00:00+00:00,-0.0037376278049562
2026-06-26 00:00:00+00:00,-0.004600563817273
2026-06-26 02:00:00+00:00,-0.0033521228879906
2026-06-26 04:00:00+00:00,-0.0030845797481212
2026-06-26 06:00:00+00:00,-0.0038958192600629
2026-06-26 08:00:00+00:00,-0.0056389903597139
2026-06-26 10:00:00+00:00,-0.0055063036178747
2026-06-26 12:00:00+00:00,-0.0091433132339816
2026-06-26 14:00:00+00:00,-0.0073742366128522
2026-06-26 16:00:00+00:00,-0.006875166108127
2026-06-26 18:00:00+00:00,-0.0050024519747134
2026-06-26 20:00:00+00:00,-0.0047667985709672
2026-06-26 22:00:00+00:00,-0.0048142088879483
2026-06-27 00:00:00+00:00,-0.004629807775437
2026-06-27 02:00:00+00:00,-0.0094166328723968
2026-06-27 04:00:00+00:00,-0.01
2026-06-27 05:00:00+00:00,-0.0036483887511348
2026-06-27 06:00:00+00:00,-0.0041734395032163
2026-06-27 07:00:00+00:00,-0.004971006676532
2026-06-27 08:00:00+00:00,-0.004064656976978
2026-06-27 09:00:00+00:00,-0.0048908612176307
2026-06-27 10:00:00+00:00,-0.0054742501186787
2026-06-27 11:00:00+00:00,-0.0069920237743822
2026-06-27 12:00:00+00:00,-0.0052040818746228
2026-06-27 13:00:00+00:00,-0.0038482228946037
2026-06-27 14:00:00+00:00,-0.0032629205562169
2026-06-27 15:00:00+00:00,-0.0041885786946942
2026-06-27 16:00:00+00:00,-0.0050420832451826
2026-06-27 17:00:00+00:00,-0.0070991080227662
2026-06-27 18:00:00+00:00,-0.0062008702117606
2026-06-27 19:00:00+00:00,-0.005581034357881
2026-06-27 20:00:00+00:00,-0.0056072319048524
2026-06-27 21:00:00+00:00,-0.0050985123767086
2026-06-27 22:00:00+00:00,-0.0049872629036934
2026-06-27 23:00:00+00:00,-0.0043848340226843
2026-06-28 00:00:00+00:00,-0.0042260755679053
2026-06-28 01:00:00+00:00,-0.003751560819367
2026-06-28 02:00:00+00:00,-0.0035276917406316
2026-06-28 03:00:00+00:00,-0.0032081471406103
2026-06-28 04:00:00+00:00,-0.0030422260938745
2026-06-28 05:00:00+00:00,-0.0026839733492457
2026-06-28 06:00:00+00:00,-0.0024370920772279
2026-06-28 07:00:00+00:00,-0.0023108147041791
2026-06-28 08:00:00+00:00,-0.0021620235286454
2026-06-28 09:00:00+00:00,-0.0019967810417761
2026-06-28 10:00:00+00:00,-0.0020131399936129
2026-06-28 11:00:00+00:00,-0.001910958939382
2026-06-28 12:00:00+00:00,-0.0022354402628709
2026-06-28 13:00:00+00:00,-0.0021385428003985
2026-06-28 14:00:00+00:00,-0.0019157493551311
2026-06-28 15:00:00+00:00,-0.0019179568755095
2026-06-28 16:00:00+00:00,-0.0017973665371667
2026-06-28 17:00:00+00:00,-0.0015259421673744
2026-06-28 18:00:00+00:00,-0.0016015827880136
2026-06-28 19:00:00+00:00,-0.0013791689061958
2026-06-28 20:00:00+00:00,-0.0012555773448988
2026-06-28 21:00:00+00:00,-0.0012546373638106
2026-06-28 22:00:00+00:00,-0.0011234614349643
2026-06-28 23:00:00+00:00,-0.0014131335815334
2026-06-29 00:00:00+00:00,-0.0021848232056193
2026-06-29 01:00:00+00:00,-0.0029665179134865
2026-06-29 02:00:00+00:00,-0.0036179033512422
2026-06-29 03:00:00+00:00,-0.0019380855670199
2026-06-29 04:00:00+00:00,-0.001744062798519
2026-06-29 05:00:00+00:00,-0.0022010296584948
2026-06-29 06:00:00+00:00,-0.0020678457200454
2026-06-29 07:00:00+00:00,-0.002346846682801
2026-06-29 08:00:00+00:00,-0.0030110817119031
2026-06-29 09:00:00+00:00,-0.0046734235471183
2026-06-29 10:00:00+00:00,-0.0058562864105909
2026-06-29 11:00:00+00:00,-0.0066488422691895
2026-06-29 12:00:00+00:00,-0.0078751697097497
2026-06-29 13:00:00+00:00,-0.0072361908213914
2026-06-29 14:00:00+00:00,-0.0048607149073892
2026-06-29 15:00:00+00:00,-0.0045373654765588
2026-06-29 16:00:00+00:00,-0.004343680421104
2026-06-29 17:00:00+00:00,-0.0034246180217933
2026-06-29 18:00:00+00:00,-0.0034905447412439
2026-06-29 19:00:00+00:00,-0.0029537700854584
2026-06-29 20:00:00+00:00,-0.0029262334423678
2026-06-29 21:00:00+00:00,-0.0030219550226809
2026-06-29 22:00:00+00:00,-0.0043061570187448
2026-06-29 23:00:00+00:00,-0.0078344497582445
2026-06-30 00:00:00+00:00,-0.0086039011446001
2026-06-30 01:00:00+00:00,-0.0072054563450508
2026-06-30 02:00:00+00:00,-0.0055465471305757
2026-06-30 03:00:00+00:00,-0.0058358097658233
2026-06-30 04:00:00+00:00,-0.0063993747231504
2026-06-30 05:00:00+00:00,-0.0055214000712009
2026-06-30 06:00:00+00:00,-0.0064392394982489
2026-06-30 07:00:00+00:00,-0.0056380176664879
2026-06-30 08:00:00+00:00,-0.0089606245911901
2026-06-30 09:00:00+00:00,-0.0092080757723928
2026-06-30 10:00:00+00:00,-0.0089768922712361
2026-06-30 11:00:00+00:00,-0.0070550967689819
2026-06-30 12:00:00+00:00,-0.0026149895038471
2026-06-30 13:00:00+00:00,-0.0023431404698306
2026-06-30 14:00:00+00:00,-0.0024883646080593
2026-06-30 15:00:00+00:00,-0.0023381628960233
2026-06-30 16:00:00+00:00,-0.0026189785177332
2026-06-30 17:00:00+00:00,-0.003374095050217
2026-06-30 18:00:00+00:00,-0.0041675156590263
2026-06-30 19:00:00+00:00,-0.0089937997565135
2026-06-30 20:00:00+00:00,-0.0069240755712658
2026-06-30 21:00:00+00:00,-0.0050320057610407
2026-06-30 22:00:00+00:00,-0.005471197429753
2026-06-30 23:00:00+00:00,-0.0044868094214268
2026-07-01 00:00:00+00:00,-0.0049106452486453
2026-07-01 01:00:00+00:00,-0.0054894802341352
2026-07-01 02:00:00+00:00,-0.0052430344132599
2026-07-01 03:00:00+00:00,-0.0047694060859673
2026-07-01 04:00:00+00:00,-0.0040491160416637
2026-07-01 05:00:00+00:00,-0.0040255964264803
2026-07-01 06:00:00+00:00,-0.0059374612307268
2026-07-01 07:00:00+00:00,-0.0024470976624335
2026-07-01 08:00:00+00:00,-0.0022332466350184
2026-07-01 09:00:00+00:00,-0.0021731984925065
2026-07-01 10:00:00+00:00,-0.0019301950731012
2026-07-01 11:00:00+00:00,-0.001856460014241
2026-07-01 12:00:00+00:00,-0.0014638970960201
2026-07-01 13:00:00+00:00,-0.0014176343383339
2026-07-01 14:00:00+00:00,-0.0011318618881152
2026-07-01 15:00:00+00:00,-0.0011980220957821
2026-07-01 16:00:00+00:00,-0.0012041388663554
2026-07-01 17:00:00+00:00,-0.0012959980399981
2026-07-01 18:00:00+00:00,-0.0011555325653845
2026-07-01 19:00:00+00:00,-0.0010828028188679
2026-07-01 20:00:00+00:00,-0.0010592116412865
2026-07-01 21:00:00+00:00,-0.0008785912141955
2026-07-01 22:00:00+00:00,-0.0009752276859709
2026-07-01 23:00:00+00:00,-0.0007254874818899
2026-07-02 00:00:00+00:00,-0.0006413325736242
2026-07-02 04:00:00+00:00,-0.0055517961380392
2026-07-02 08:00:00+00:00,-0.0054432678553084
2026-07-02 12:00:00+00:00,-0.004427552418379
2026-07-02 16:00:00+00:00,-0.0068714569005199
2026-07-02 20:00:00+00:00,-0.01
2026-07-02 22:00:00+00:00,-0.01
2026-07-02 23:00:00+00:00,-0.0053029261121531
2026-07-03 00:00:00+00:00,-0.0061498368687954
2026-07-03 01:00:00+00:00,-0.01
2026-07-03 02:00:00+00:00,-0.01
2026-07-03 03:00:00+00:00,-0.01
2026-07-03 04:00:00+00:00,-0.0070364094359898
2026-07-03 05:00:00+00:00,-0.0076953916322113
2026-07-03 06:00:00+00:00,-0.0080615939594173
2026-07-03 07:00:00+00:00,-0.0048485215337739
2026-07-03 08:00:00+00:00,-0.0024105753703787
2026-07-03 09:00:00+00:00,-0.0009506825848094
2026-07-03 10:00:00+00:00,-0.0020687420188146
2026-07-03 11:00:00+00:00,-0.0022604170724444
2026-07-03 12:00:00+00:00,-0.0016329720464829
2026-07-03 13:00:00+00:00,-0.001640092282004
2026-07-03 14:00:00+00:00,-0.0019380114069846
2026-07-03 15:00:00+00:00,-0.0007361840738397
2026-07-03 16:00:00+00:00,-0.0009799913768955
2026-07-03 17:00:00+00:00,-0.0005983197862235
2026-07-03 18:00:00+00:00,-0.0003393334265819
2026-07-03 19:00:00+00:00,-0.0001138383260723
2026-07-03 20:00:00+00:00,-0.0002071340782971
2026-07-03 21:00:00+00:00,-0.0001086528590612
2026-07-03 22:00:00+00:00,-0.0005201095869108
2026-07-03 23:00:00+00:00,-0.0003268648641771
2026-07-04 00:00:00+00:00,-0.0001724349531167
2026-07-04 04:00:00+00:00,-0.0009546247873178
2026-07-04 08:00:00+00:00,-0.0021266511255595
2026-07-04 12:00:00+00:00,-0.0028127309022221
2026-07-04 16:00:00+00:00,-0.0053680387740749
2026-07-04 20:00:00+00:00,-0.0019790541550672
2026-07-05 00:00:00+00:00,-0.0021817453644015
2026-07-05 04:00:00+00:00,-0.0034951494915033
2026-07-05 08:00:00+00:00,-0.0035887119517777
2026-07-05 12:00:00+00:00,-0.0023844019782697
2026-07-05 16:00:00+00:00,-0.0024109838002107
2026-07-05 20:00:00+00:00,-0.0025778136560968
2026-07-06 00:00:00+00:00,-0.0037249474497319
2026-07-06 04:00:00+00:00,-0.0040346689674765
2026-07-06 08:00:00+00:00,-0.0045437519067031
2026-07-06 12:00:00+00:00,-0.01
2026-07-06 14:00:00+00:00,-0.0062440536962782
2026-07-06 16:00:00+00:00,-0.0071543693868763
2026-07-06 18:00:00+00:00,-0.0074450552560355
2026-07-06 20:00:00+00:00,-0.01
2026-07-06 21:00:00+00:00,-0.01
2026-07-06 22:00:00+00:00,-0.01
2026-07-06 23:00:00+00:00,-0.00931990323749
2026-07-07 00:00:00+00:00,-0.0093635290385373
2026-07-07 01:00:00+00:00,-0.0068285798343946
2026-07-07 02:00:00+00:00,-0.0056997603201682
2026-07-07 03:00:00+00:00,-0.0073462586867101
2026-07-07 04:00:00+00:00,-0.0065121200915717
2026-07-07 05:00:00+00:00,-0.0067983635826649
2026-07-07 06:00:00+00:00,-0.0072654244360939
2026-07-07 07:00:00+00:00,-0.0086130846247088
2026-07-07 08:00:00+00:00,-0.01
2026-07-07 09:00:00+00:00,-0.01
2026-07-07 10:00:00+00:00,-0.01
2026-07-07 11:00:00+00:00,-0.01
2026-07-07 12:00:00+00:00,-0.01
2026-07-07 13:00:00+00:00,-0.01
2026-07-07 14:00:00+00:00,-0.01
2026-07-07 15:00:00+00:00,-0.01
2026-07-07 16:00:00+00:00,-0.0081653613598018
2026-07-07 17:00:00+00:00,-0.01
2026-07-07 18:00:00+00:00,-0.01
2026-07-07 19:00:00+00:00,-0.0097372903173654
2026-07-07 20:00:00+00:00,-0.01
2026-07-07 21:00:00+00:00,-0.0089875655838318
2026-07-07 22:00:00+00:00,-0.01
2026-07-07 23:00:00+00:00,-0.01
2026-07-08 00:00:00+00:00,-0.0081003460054588
2026-07-08 01:00:00+00:00,-0.0052165890500557
2026-07-08 02:00:00+00:00,-0.0062353454745726
2026-07-08 03:00:00+00:00,-0.0021454720817998
2026-07-08 04:00:00+00:00,1.25e-05
2026-07-08 05:00:00+00:00,8.3866848368e-05
2026-07-08 06:00:00+00:00,0.0001543726993237
2026-07-08 07:00:00+00:00,0.0003012571441147
2026-07-08 08:00:00+00:00,4.663929595e-05
2026-07-08 09:00:00+00:00,0.0002382578468799
2026-07-08 10:00:00+00:00,0.0005520322777068
2026-07-08 11:00:00+00:00,0.000321194635275
2026-07-08 12:00:00+00:00,0.0001044630675924
2026-07-08 13:00:00+00:00,1.25e-05
2026-07-08 14:00:00+00:00,1.25e-05
2026-07-08 15:00:00+00:00,-0.0002947144832457
2026-07-08 16:00:00+00:00,-0.0005401134014402
2026-07-08 20:00:00+00:00,0.0007645899984861
2026-07-09 00:00:00+00:00,0.0011433116596613
2026-07-09 04:00:00+00:00,0.0008701212529645
2026-07-09 08:00:00+00:00,0.0007601996631206
2026-07-09 12:00:00+00:00,0.0005469197056602
2026-07-09 16:00:00+00:00,0.0005170652669248
2026-07-09 20:00:00+00:00,0.0003207152096418
2026-07-10 00:00:00+00:00,0.0005737862035613
2026-07-10 04:00:00+00:00,0.0004262358323628
2026-07-10 08:00:00+00:00,0.0005202042637966
2026-07-10 12:00:00+00:00,0.0005249904038398
2026-07-10 16:00:00+00:00,0.000300398040656
2026-07-10 20:00:00+00:00,0.0009581298804323
2026-07-11 00:00:00+00:00,0.001033593053701
2026-07-11 04:00:00+00:00,0.0008197509202846
